<?xml version="1.0" encoding="UTF-8"?>
<GenRun Id="impl_1" LaunchPart="xc7k70tfbv676-1" LaunchTime="1682541590">
  <File Type="ROUTE-PWR" Name="stack_power_routed.rpt"/>
  <File Type="PA-TCL" Name="stack.tcl"/>
  <File Type="BITSTR-MMI" Name="stack.mmi"/>
  <File Type="OPT-METHODOLOGY-DRC" Name="stack_methodology_drc_opted.rpt"/>
  <File Type="INIT-TIMING" Name="stack_timing_summary_init.rpt"/>
  <File Type="ROUTE-PWR-SUM" Name="stack_power_summary_routed.pb"/>
  <File Type="REPORTS-TCL" Name="stack_reports.tcl"/>
  <File Type="OPT-TIMING" Name="stack_timing_summary_opted.rpt"/>
  <File Type="OPT-DCP" Name="stack_opt.dcp"/>
  <File Type="OPT-DRC" Name="stack_drc_opted.rpt"/>
  <File Type="OPT-HWDEF" Name="stack.hwdef"/>
  <File Type="PWROPT-DCP" Name="stack_pwropt.dcp"/>
  <File Type="PWROPT-DRC" Name="stack_drc_pwropted.rpt"/>
  <File Type="PWROPT-TIMING" Name="stack_timing_summary_pwropted.rpt"/>
  <File Type="PLACE-DCP" Name="stack_placed.dcp"/>
  <File Type="PLACE-IO" Name="stack_io_placed.rpt"/>
  <File Type="PLACE-CLK" Name="stack_clock_utilization_placed.rpt"/>
  <File Type="PLACE-UTIL" Name="stack_utilization_placed.rpt"/>
  <File Type="PLACE-UTIL-PB" Name="stack_utilization_placed.pb"/>
  <File Type="PLACE-CTRL" Name="stack_control_sets_placed.rpt"/>
  <File Type="PLACE-SIMILARITY" Name="stack_incremental_reuse_placed.rpt"/>
  <File Type="PLACE-PRE-SIMILARITY" Name="stack_incremental_reuse_pre_placed.rpt"/>
  <File Type="BG-BIN" Name="stack.bin"/>
  <File Type="PLACE-TIMING" Name="stack_timing_summary_placed.rpt"/>
  <File Type="POSTPLACE-PWROPT-DCP" Name="stack_postplace_pwropt.dcp"/>
  <File Type="BITSTR-MSK" Name="stack.msk"/>
  <File Type="POSTPLACE-PWROPT-TIMING" Name="stack_timing_summary_postplace_pwropted.rpt"/>
  <File Type="PHYSOPT-DCP" Name="stack_physopt.dcp"/>
  <File Type="PHYSOPT-DRC" Name="stack_drc_physopted.rpt"/>
  <File Type="BITSTR-RBT" Name="stack.rbt"/>
  <File Type="PHYSOPT-TIMING" Name="stack_timing_summary_physopted.rpt"/>
  <File Type="ROUTE-ERROR-DCP" Name="stack_routed_error.dcp"/>
  <File Type="ROUTE-DCP" Name="stack_routed.dcp"/>
  <File Type="ROUTE-BLACKBOX-DCP" Name="stack_routed_bb.dcp"/>
  <File Type="ROUTE-DRC" Name="stack_drc_routed.rpt"/>
  <File Type="ROUTE-DRC-PB" Name="stack_drc_routed.pb"/>
  <File Type="ROUTE-DRC-RPX" Name="stack_drc_routed.rpx"/>
  <File Type="ROUTE-METHODOLOGY-DRC" Name="stack_methodology_drc_routed.rpt"/>
  <File Type="ROUTE-METHODOLOGY-DRC-RPX" Name="stack_methodology_drc_routed.rpx"/>
  <File Type="ROUTE-METHODOLOGY-DRC-PB" Name="stack_methodology_drc_routed.pb"/>
  <File Type="ROUTE-PWR-RPX" Name="stack_power_routed.rpx"/>
  <File Type="ROUTE-STATUS" Name="stack_route_status.rpt"/>
  <File Type="ROUTE-STATUS-PB" Name="stack_route_status.pb"/>
  <File Type="ROUTE-TIMINGSUMMARY" Name="stack_timing_summary_routed.rpt"/>
  <File Type="ROUTE-TIMING-PB" Name="stack_timing_summary_routed.pb"/>
  <File Type="ROUTE-TIMING-RPX" Name="stack_timing_summary_routed.rpx"/>
  <File Type="ROUTE-SIMILARITY" Name="stack_incremental_reuse_routed.rpt"/>
  <File Type="ROUTE-CLK" Name="stack_clock_utilization_routed.rpt"/>
  <File Type="ROUTE-BUS-SKEW" Name="stack_bus_skew_routed.rpt"/>
  <File Type="ROUTE-BUS-SKEW-PB" Name="stack_bus_skew_routed.pb"/>
  <File Type="ROUTE-BUS-SKEW-RPX" Name="stack_bus_skew_routed.rpx"/>
  <File Type="POSTROUTE-PHYSOPT-DCP" Name="stack_postroute_physopt.dcp"/>
  <File Type="POSTROUTE-PHYSOPT-BLACKBOX-DCP" Name="stack_postroute_physopt_bb.dcp"/>
  <File Type="POSTROUTE-PHYSOPT-TIMING" Name="stack_timing_summary_postroute_physopted.rpt"/>
  <File Type="POSTROUTE-PHYSOPT-TIMING-PB" Name="stack_timing_summary_postroute_physopted.pb"/>
  <File Type="POSTROUTE-PHYSOPT-TIMING-RPX" Name="stack_timing_summary_postroute_physopted.rpx"/>
  <File Type="POSTROUTE-PHYSOPT-BUS-SKEW" Name="stack_bus_skew_postroute_physopted.rpt"/>
  <File Type="BG-BIT" Name="stack.bit"/>
  <File Type="POSTROUTE-PHYSOPT-BUS-SKEW-PB" Name="stack_bus_skew_postroute_physopted.pb"/>
  <File Type="POSTROUTE-PHYSOPT-BUS-SKEW-RPX" Name="stack_bus_skew_postroute_physopted.rpx"/>
  <File Type="BITSTR-NKY" Name="stack.nky"/>
  <File Type="BITSTR-BMM" Name="stack_bd.bmm"/>
  <File Type="PDI-FILE" Name="stack.pdi"/>
  <File Type="RCFI_FILE" Name="stack.rcfi"/>
  <File Type="CFI_FILE" Name="stack.cfi"/>
  <File Type="RNPI_FILE" Name="stack.rnpi"/>
  <File Type="NPI_FILE" Name="stack.npi"/>
  <File Type="RBD_FILE" Name="stack.rbd"/>
  <File Type="BITSTR-LTX" Name="debug_nets.ltx"/>
  <File Type="BITSTR-LTX" Name="stack.ltx"/>
  <File Type="BITSTR-SYSDEF" Name="stack.sysdef"/>
  <File Type="BG-BGN" Name="stack.bgn"/>
  <File Type="BG-DRC" Name="stack.drc"/>
  <File Type="RDI-RDI" Name="stack.vdi"/>
  <File Type="WBT-USG" Name="usage_statistics_webtalk.html"/>
  <File Type="ROUTE-RQS" Name="stack_routed.rqs"/>
  <File Type="POSTROUTE-PHYSOPT-RQS" Name="stack_postroute_physopted.rqs"/>
  <File Type="ROUTE-RQS-RPT" Name="route_report_qor_suggestions_0.rpt"/>
  <File Type="POSTROUTE-PHYSOPT-RQS-RPT" Name="postroute_physopt_report_qor_suggestions_0.rpt"/>
  <FileSet Name="sources" Type="DesignSrcs" RelSrcDir="$PSRCDIR/sources_1" RelGenDir="$PGENDIR/sources_1">
    <Filter Type="Srcs"/>
    <File Path="$PSRCDIR/sources_1/new/lifo.sv">
      <FileInfo>
        <Attr Name="UsedIn" Val="synthesis"/>
        <Attr Name="UsedIn" Val="implementation"/>
        <Attr Name="UsedIn" Val="simulation"/>
      </FileInfo>
    </File>
    <Config>
      <Option Name="DesignMode" Val="RTL"/>
      <Option Name="TopModule" Val="stack"/>
      <Option Name="TopAutoSet" Val="TRUE"/>
    </Config>
  </FileSet>
  <FileSet Name="constrs_in" Type="Constrs" RelSrcDir="$PSRCDIR/constrs_1">
    <Filter Type="Constrs"/>
    <Config>
      <Option Name="ConstrsType" Val="XDC"/>
    </Config>
  </FileSet>
  <FileSet Name="utils" Type="Utils" RelSrcDir="$PSRCDIR/utils_1">
    <Filter Type="Utils"/>
    <Config>
      <Option Name="TopAutoSet" Val="TRUE"/>
    </Config>
  </FileSet>
  <Strategy Version="1" Minor="2">
    <StratHandle Name="Vivado Implementation Defaults" Flow="Vivado Implementation 2022">
      <Desc>Default settings for Implementation.</Desc>
    </StratHandle>
    <Step Id="init_design"/>
    <Step Id="opt_design"/>
    <Step Id="power_opt_design"/>
    <Step Id="place_design"/>
    <Step Id="post_place_power_opt_design"/>
    <Step Id="phys_opt_design"/>
    <Step Id="route_design"/>
    <Step Id="post_route_phys_opt_design"/>
    <Step Id="write_bitstream"/>
  </Strategy>
</GenRun>
