<?xml version="1.0" encoding="UTF-8"?>
<GenRun Id="impl_1" LaunchPart="xc7k70tfbv676-1" LaunchTime="1678317936">
  <File Type="ROUTE-PWR" Name="barrelshifter_power_routed.rpt"/>
  <File Type="PA-TCL" Name="barrelshifter.tcl"/>
  <File Type="BITSTR-MMI" Name="barrelshifter.mmi"/>
  <File Type="OPT-METHODOLOGY-DRC" Name="barrelshifter_methodology_drc_opted.rpt"/>
  <File Type="INIT-TIMING" Name="barrelshifter_timing_summary_init.rpt"/>
  <File Type="ROUTE-PWR-SUM" Name="barrelshifter_power_summary_routed.pb"/>
  <File Type="REPORTS-TCL" Name="barrelshifter_reports.tcl"/>
  <File Type="OPT-TIMING" Name="barrelshifter_timing_summary_opted.rpt"/>
  <File Type="OPT-DCP" Name="barrelshifter_opt.dcp"/>
  <File Type="OPT-DRC" Name="barrelshifter_drc_opted.rpt"/>
  <File Type="OPT-HWDEF" Name="barrelshifter.hwdef"/>
  <File Type="PWROPT-DCP" Name="barrelshifter_pwropt.dcp"/>
  <File Type="PWROPT-DRC" Name="barrelshifter_drc_pwropted.rpt"/>
  <File Type="PWROPT-TIMING" Name="barrelshifter_timing_summary_pwropted.rpt"/>
  <File Type="PLACE-DCP" Name="barrelshifter_placed.dcp"/>
  <File Type="PLACE-IO" Name="barrelshifter_io_placed.rpt"/>
  <File Type="PLACE-CLK" Name="barrelshifter_clock_utilization_placed.rpt"/>
  <File Type="PLACE-UTIL" Name="barrelshifter_utilization_placed.rpt"/>
  <File Type="PLACE-UTIL-PB" Name="barrelshifter_utilization_placed.pb"/>
  <File Type="PLACE-CTRL" Name="barrelshifter_control_sets_placed.rpt"/>
  <File Type="PLACE-SIMILARITY" Name="barrelshifter_incremental_reuse_placed.rpt"/>
  <File Type="PLACE-PRE-SIMILARITY" Name="barrelshifter_incremental_reuse_pre_placed.rpt"/>
  <File Type="BG-BIN" Name="barrelshifter.bin"/>
  <File Type="PLACE-TIMING" Name="barrelshifter_timing_summary_placed.rpt"/>
  <File Type="POSTPLACE-PWROPT-DCP" Name="barrelshifter_postplace_pwropt.dcp"/>
  <File Type="BITSTR-MSK" Name="barrelshifter.msk"/>
  <File Type="POSTPLACE-PWROPT-TIMING" Name="barrelshifter_timing_summary_postplace_pwropted.rpt"/>
  <File Type="PHYSOPT-DCP" Name="barrelshifter_physopt.dcp"/>
  <File Type="PHYSOPT-DRC" Name="barrelshifter_drc_physopted.rpt"/>
  <File Type="BITSTR-RBT" Name="barrelshifter.rbt"/>
  <File Type="PHYSOPT-TIMING" Name="barrelshifter_timing_summary_physopted.rpt"/>
  <File Type="ROUTE-ERROR-DCP" Name="barrelshifter_routed_error.dcp"/>
  <File Type="ROUTE-DCP" Name="barrelshifter_routed.dcp"/>
  <File Type="ROUTE-BLACKBOX-DCP" Name="barrelshifter_routed_bb.dcp"/>
  <File Type="ROUTE-DRC" Name="barrelshifter_drc_routed.rpt"/>
  <File Type="ROUTE-DRC-PB" Name="barrelshifter_drc_routed.pb"/>
  <File Type="ROUTE-DRC-RPX" Name="barrelshifter_drc_routed.rpx"/>
  <File Type="ROUTE-METHODOLOGY-DRC" Name="barrelshifter_methodology_drc_routed.rpt"/>
  <File Type="ROUTE-METHODOLOGY-DRC-RPX" Name="barrelshifter_methodology_drc_routed.rpx"/>
  <File Type="ROUTE-METHODOLOGY-DRC-PB" Name="barrelshifter_methodology_drc_routed.pb"/>
  <File Type="ROUTE-PWR-RPX" Name="barrelshifter_power_routed.rpx"/>
  <File Type="ROUTE-STATUS" Name="barrelshifter_route_status.rpt"/>
  <File Type="ROUTE-STATUS-PB" Name="barrelshifter_route_status.pb"/>
  <File Type="ROUTE-TIMINGSUMMARY" Name="barrelshifter_timing_summary_routed.rpt"/>
  <File Type="ROUTE-TIMING-PB" Name="barrelshifter_timing_summary_routed.pb"/>
  <File Type="ROUTE-TIMING-RPX" Name="barrelshifter_timing_summary_routed.rpx"/>
  <File Type="ROUTE-SIMILARITY" Name="barrelshifter_incremental_reuse_routed.rpt"/>
  <File Type="ROUTE-CLK" Name="barrelshifter_clock_utilization_routed.rpt"/>
  <File Type="ROUTE-BUS-SKEW" Name="barrelshifter_bus_skew_routed.rpt"/>
  <File Type="ROUTE-BUS-SKEW-PB" Name="barrelshifter_bus_skew_routed.pb"/>
  <File Type="ROUTE-BUS-SKEW-RPX" Name="barrelshifter_bus_skew_routed.rpx"/>
  <File Type="POSTROUTE-PHYSOPT-DCP" Name="barrelshifter_postroute_physopt.dcp"/>
  <File Type="POSTROUTE-PHYSOPT-BLACKBOX-DCP" Name="barrelshifter_postroute_physopt_bb.dcp"/>
  <File Type="POSTROUTE-PHYSOPT-TIMING" Name="barrelshifter_timing_summary_postroute_physopted.rpt"/>
  <File Type="POSTROUTE-PHYSOPT-TIMING-PB" Name="barrelshifter_timing_summary_postroute_physopted.pb"/>
  <File Type="POSTROUTE-PHYSOPT-TIMING-RPX" Name="barrelshifter_timing_summary_postroute_physopted.rpx"/>
  <File Type="POSTROUTE-PHYSOPT-BUS-SKEW" Name="barrelshifter_bus_skew_postroute_physopted.rpt"/>
  <File Type="BG-BIT" Name="barrelshifter.bit"/>
  <File Type="POSTROUTE-PHYSOPT-BUS-SKEW-PB" Name="barrelshifter_bus_skew_postroute_physopted.pb"/>
  <File Type="POSTROUTE-PHYSOPT-BUS-SKEW-RPX" Name="barrelshifter_bus_skew_postroute_physopted.rpx"/>
  <File Type="BITSTR-NKY" Name="barrelshifter.nky"/>
  <File Type="BITSTR-BMM" Name="barrelshifter_bd.bmm"/>
  <File Type="PDI-FILE" Name="barrelshifter.pdi"/>
  <File Type="RCFI_FILE" Name="barrelshifter.rcfi"/>
  <File Type="CFI_FILE" Name="barrelshifter.cfi"/>
  <File Type="RNPI_FILE" Name="barrelshifter.rnpi"/>
  <File Type="NPI_FILE" Name="barrelshifter.npi"/>
  <File Type="RBD_FILE" Name="barrelshifter.rbd"/>
  <File Type="BITSTR-LTX" Name="debug_nets.ltx"/>
  <File Type="BITSTR-LTX" Name="barrelshifter.ltx"/>
  <File Type="BITSTR-SYSDEF" Name="barrelshifter.sysdef"/>
  <File Type="BG-BGN" Name="barrelshifter.bgn"/>
  <File Type="BG-DRC" Name="barrelshifter.drc"/>
  <File Type="RDI-RDI" Name="barrelshifter.vdi"/>
  <File Type="WBT-USG" Name="usage_statistics_webtalk.html"/>
  <File Type="ROUTE-RQS" Name="barrelshifter_routed.rqs"/>
  <File Type="POSTROUTE-PHYSOPT-RQS" Name="barrelshifter_postroute_physopted.rqs"/>
  <File Type="ROUTE-RQS-RPT" Name="route_report_qor_suggestions_0.rpt"/>
  <File Type="POSTROUTE-PHYSOPT-RQS-RPT" Name="postroute_physopt_report_qor_suggestions_0.rpt"/>
  <FileSet Name="sources" Type="DesignSrcs" RelSrcDir="$PSRCDIR/sources_1" RelGenDir="$PGENDIR/sources_1">
    <Filter Type="Srcs"/>
    <File Path="$PSRCDIR/sources_1/new/barrel_shifter_staged.sv">
      <FileInfo>
        <Attr Name="UsedIn" Val="synthesis"/>
        <Attr Name="UsedIn" Val="implementation"/>
        <Attr Name="UsedIn" Val="simulation"/>
      </FileInfo>
    </File>
    <Config>
      <Option Name="DesignMode" Val="RTL"/>
      <Option Name="TopModule" Val="barrelshifter"/>
      <Option Name="TopAutoSet" Val="TRUE"/>
    </Config>
  </FileSet>
  <FileSet Name="constrs_in" Type="Constrs" RelSrcDir="$PSRCDIR/constrs_1">
    <Filter Type="Constrs"/>
    <Config>
      <Option Name="ConstrsType" Val="XDC"/>
    </Config>
  </FileSet>
  <FileSet Name="utils" Type="Utils" RelSrcDir="$PSRCDIR/utils_1">
    <Filter Type="Utils"/>
    <File Path="$PSRCDIR/utils_1/imports/synth_1/barrel_shifter_staged.dcp">
      <FileInfo>
        <Attr Name="UsedIn" Val="synthesis"/>
        <Attr Name="UsedIn" Val="implementation"/>
        <Attr Name="UsedInSteps" Val="synth_1"/>
        <Attr Name="AutoDcp" Val="1"/>
      </FileInfo>
    </File>
    <Config>
      <Option Name="TopAutoSet" Val="TRUE"/>
    </Config>
  </FileSet>
  <Strategy Version="1" Minor="2">
    <StratHandle Name="Vivado Implementation Defaults" Flow="Vivado Implementation 2022"/>
    <Step Id="init_design"/>
    <Step Id="opt_design"/>
    <Step Id="power_opt_design"/>
    <Step Id="place_design"/>
    <Step Id="post_place_power_opt_design"/>
    <Step Id="phys_opt_design"/>
    <Step Id="route_design"/>
    <Step Id="post_route_phys_opt_design"/>
    <Step Id="write_bitstream"/>
  </Strategy>
</GenRun>
