<?xml version="1.0" encoding="UTF-8"?>
<GenRun Id="synth_1" LaunchPart="xc7k70tfbv676-1" LaunchTime="1678318212" LaunchIncrCheckpoint="$PSRCDIR/utils_1/imports/synth_1/barrel_shifter.dcp">
  <File Type="PA-TCL" Name="barrel_shifter.tcl"/>
  <File Type="RDS-PROPCONSTRS" Name="barrel_shifter_drc_synth.rpt"/>
  <File Type="REPORTS-TCL" Name="barrel_shifter_reports.tcl"/>
  <File Type="RDS-RDS" Name="barrel_shifter.vds"/>
  <File Type="RDS-UTIL" Name="barrel_shifter_utilization_synth.rpt"/>
  <File Type="RDS-UTIL-PB" Name="barrel_shifter_utilization_synth.pb"/>
  <File Type="RDS-DCP" Name="barrel_shifter.dcp"/>
  <File Type="VDS-TIMINGSUMMARY" Name="barrel_shifter_timing_summary_synth.rpt"/>
  <File Type="VDS-TIMING-PB" Name="barrel_shifter_timing_summary_synth.pb"/>
  <FileSet Name="sources" Type="DesignSrcs" RelSrcDir="$PSRCDIR/sources_1" RelGenDir="$PGENDIR/sources_1">
    <Filter Type="Srcs"/>
    <File Path="$PSRCDIR/sources_1/new/barrel_shifter.sv">
      <FileInfo>
        <Attr Name="UsedIn" Val="synthesis"/>
        <Attr Name="UsedIn" Val="implementation"/>
        <Attr Name="UsedIn" Val="simulation"/>
      </FileInfo>
    </File>
    <Config>
      <Option Name="DesignMode" Val="RTL"/>
      <Option Name="TopModule" Val="barrel_shifter"/>
      <Option Name="TopAutoSet" Val="TRUE"/>
    </Config>
  </FileSet>
  <FileSet Name="constrs_in" Type="Constrs" RelSrcDir="$PSRCDIR/constrs_1">
    <Filter Type="Constrs"/>
    <Config>
      <Option Name="ConstrsType" Val="XDC"/>
    </Config>
  </FileSet>
  <FileSet Name="utils" Type="Utils" RelSrcDir="$PSRCDIR/utils_1">
    <Filter Type="Utils"/>
    <File Path="$PSRCDIR/utils_1/imports/synth_1/barrel_shifter.dcp">
      <FileInfo>
        <Attr Name="UsedIn" Val="synthesis"/>
        <Attr Name="UsedIn" Val="implementation"/>
        <Attr Name="UsedInSteps" Val="synth_1"/>
        <Attr Name="AutoDcp" Val="1"/>
      </FileInfo>
    </File>
    <Config>
      <Option Name="TopAutoSet" Val="TRUE"/>
    </Config>
  </FileSet>
  <Strategy Version="1" Minor="2">
    <StratHandle Name="Vivado Synthesis Defaults" Flow="Vivado Synthesis 2022"/>
    <Step Id="synth_design"/>
  </Strategy>
</GenRun>
