<?xml version="1.0" encoding="UTF-8"?>
<GenRun Id="impl_1" LaunchPart="xc7k70tfbv676-1" LaunchTime="1680734917">
  <File Type="ROUTE-PWR" Name="bin_to_segg_power_routed.rpt"/>
  <File Type="PA-TCL" Name="bin_to_segg.tcl"/>
  <File Type="BITSTR-MMI" Name="bin_to_segg.mmi"/>
  <File Type="OPT-METHODOLOGY-DRC" Name="bin_to_segg_methodology_drc_opted.rpt"/>
  <File Type="INIT-TIMING" Name="bin_to_segg_timing_summary_init.rpt"/>
  <File Type="ROUTE-PWR-SUM" Name="bin_to_segg_power_summary_routed.pb"/>
  <File Type="REPORTS-TCL" Name="bin_to_segg_reports.tcl"/>
  <File Type="OPT-TIMING" Name="bin_to_segg_timing_summary_opted.rpt"/>
  <File Type="OPT-DCP" Name="bin_to_segg_opt.dcp"/>
  <File Type="OPT-DRC" Name="bin_to_segg_drc_opted.rpt"/>
  <File Type="OPT-HWDEF" Name="bin_to_segg.hwdef"/>
  <File Type="PWROPT-DCP" Name="bin_to_segg_pwropt.dcp"/>
  <File Type="PWROPT-DRC" Name="bin_to_segg_drc_pwropted.rpt"/>
  <File Type="PWROPT-TIMING" Name="bin_to_segg_timing_summary_pwropted.rpt"/>
  <File Type="PLACE-DCP" Name="bin_to_segg_placed.dcp"/>
  <File Type="PLACE-IO" Name="bin_to_segg_io_placed.rpt"/>
  <File Type="PLACE-CLK" Name="bin_to_segg_clock_utilization_placed.rpt"/>
  <File Type="PLACE-UTIL" Name="bin_to_segg_utilization_placed.rpt"/>
  <File Type="PLACE-UTIL-PB" Name="bin_to_segg_utilization_placed.pb"/>
  <File Type="PLACE-CTRL" Name="bin_to_segg_control_sets_placed.rpt"/>
  <File Type="PLACE-SIMILARITY" Name="bin_to_segg_incremental_reuse_placed.rpt"/>
  <File Type="PLACE-PRE-SIMILARITY" Name="bin_to_segg_incremental_reuse_pre_placed.rpt"/>
  <File Type="BG-BIN" Name="bin_to_segg.bin"/>
  <File Type="PLACE-TIMING" Name="bin_to_segg_timing_summary_placed.rpt"/>
  <File Type="POSTPLACE-PWROPT-DCP" Name="bin_to_segg_postplace_pwropt.dcp"/>
  <File Type="BITSTR-MSK" Name="bin_to_segg.msk"/>
  <File Type="POSTPLACE-PWROPT-TIMING" Name="bin_to_segg_timing_summary_postplace_pwropted.rpt"/>
  <File Type="PHYSOPT-DCP" Name="bin_to_segg_physopt.dcp"/>
  <File Type="PHYSOPT-DRC" Name="bin_to_segg_drc_physopted.rpt"/>
  <File Type="BITSTR-RBT" Name="bin_to_segg.rbt"/>
  <File Type="PHYSOPT-TIMING" Name="bin_to_segg_timing_summary_physopted.rpt"/>
  <File Type="ROUTE-ERROR-DCP" Name="bin_to_segg_routed_error.dcp"/>
  <File Type="ROUTE-DCP" Name="bin_to_segg_routed.dcp"/>
  <File Type="ROUTE-BLACKBOX-DCP" Name="bin_to_segg_routed_bb.dcp"/>
  <File Type="ROUTE-DRC" Name="bin_to_segg_drc_routed.rpt"/>
  <File Type="ROUTE-DRC-PB" Name="bin_to_segg_drc_routed.pb"/>
  <File Type="ROUTE-DRC-RPX" Name="bin_to_segg_drc_routed.rpx"/>
  <File Type="ROUTE-METHODOLOGY-DRC" Name="bin_to_segg_methodology_drc_routed.rpt"/>
  <File Type="ROUTE-METHODOLOGY-DRC-RPX" Name="bin_to_segg_methodology_drc_routed.rpx"/>
  <File Type="ROUTE-METHODOLOGY-DRC-PB" Name="bin_to_segg_methodology_drc_routed.pb"/>
  <File Type="ROUTE-PWR-RPX" Name="bin_to_segg_power_routed.rpx"/>
  <File Type="ROUTE-STATUS" Name="bin_to_segg_route_status.rpt"/>
  <File Type="ROUTE-STATUS-PB" Name="bin_to_segg_route_status.pb"/>
  <File Type="ROUTE-TIMINGSUMMARY" Name="bin_to_segg_timing_summary_routed.rpt"/>
  <File Type="ROUTE-TIMING-PB" Name="bin_to_segg_timing_summary_routed.pb"/>
  <File Type="ROUTE-TIMING-RPX" Name="bin_to_segg_timing_summary_routed.rpx"/>
  <File Type="ROUTE-SIMILARITY" Name="bin_to_segg_incremental_reuse_routed.rpt"/>
  <File Type="ROUTE-CLK" Name="bin_to_segg_clock_utilization_routed.rpt"/>
  <File Type="ROUTE-BUS-SKEW" Name="bin_to_segg_bus_skew_routed.rpt"/>
  <File Type="ROUTE-BUS-SKEW-PB" Name="bin_to_segg_bus_skew_routed.pb"/>
  <File Type="ROUTE-BUS-SKEW-RPX" Name="bin_to_segg_bus_skew_routed.rpx"/>
  <File Type="POSTROUTE-PHYSOPT-DCP" Name="bin_to_segg_postroute_physopt.dcp"/>
  <File Type="POSTROUTE-PHYSOPT-BLACKBOX-DCP" Name="bin_to_segg_postroute_physopt_bb.dcp"/>
  <File Type="POSTROUTE-PHYSOPT-TIMING" Name="bin_to_segg_timing_summary_postroute_physopted.rpt"/>
  <File Type="POSTROUTE-PHYSOPT-TIMING-PB" Name="bin_to_segg_timing_summary_postroute_physopted.pb"/>
  <File Type="POSTROUTE-PHYSOPT-TIMING-RPX" Name="bin_to_segg_timing_summary_postroute_physopted.rpx"/>
  <File Type="POSTROUTE-PHYSOPT-BUS-SKEW" Name="bin_to_segg_bus_skew_postroute_physopted.rpt"/>
  <File Type="BG-BIT" Name="bin_to_segg.bit"/>
  <File Type="POSTROUTE-PHYSOPT-BUS-SKEW-PB" Name="bin_to_segg_bus_skew_postroute_physopted.pb"/>
  <File Type="POSTROUTE-PHYSOPT-BUS-SKEW-RPX" Name="bin_to_segg_bus_skew_postroute_physopted.rpx"/>
  <File Type="BITSTR-NKY" Name="bin_to_segg.nky"/>
  <File Type="BITSTR-BMM" Name="bin_to_segg_bd.bmm"/>
  <File Type="PDI-FILE" Name="bin_to_segg.pdi"/>
  <File Type="RCFI_FILE" Name="bin_to_segg.rcfi"/>
  <File Type="CFI_FILE" Name="bin_to_segg.cfi"/>
  <File Type="RNPI_FILE" Name="bin_to_segg.rnpi"/>
  <File Type="NPI_FILE" Name="bin_to_segg.npi"/>
  <File Type="RBD_FILE" Name="bin_to_segg.rbd"/>
  <File Type="BITSTR-LTX" Name="debug_nets.ltx"/>
  <File Type="BITSTR-LTX" Name="bin_to_segg.ltx"/>
  <File Type="BITSTR-SYSDEF" Name="bin_to_segg.sysdef"/>
  <File Type="BG-BGN" Name="bin_to_segg.bgn"/>
  <File Type="BG-DRC" Name="bin_to_segg.drc"/>
  <File Type="RDI-RDI" Name="bin_to_segg.vdi"/>
  <File Type="WBT-USG" Name="usage_statistics_webtalk.html"/>
  <File Type="ROUTE-RQS" Name="bin_to_segg_routed.rqs"/>
  <File Type="POSTROUTE-PHYSOPT-RQS" Name="bin_to_segg_postroute_physopted.rqs"/>
  <File Type="ROUTE-RQS-RPT" Name="route_report_qor_suggestions_0.rpt"/>
  <File Type="POSTROUTE-PHYSOPT-RQS-RPT" Name="postroute_physopt_report_qor_suggestions_0.rpt"/>
  <FileSet Name="sources" Type="DesignSrcs" RelSrcDir="$PSRCDIR/sources_1" RelGenDir="$PGENDIR/sources_1">
    <Filter Type="Srcs"/>
    <File Path="$PSRCDIR/sources_1/new/RSC.sv">
      <FileInfo>
        <Attr Name="UsedIn" Val="synthesis"/>
        <Attr Name="UsedIn" Val="implementation"/>
        <Attr Name="UsedIn" Val="simulation"/>
      </FileInfo>
    </File>
    <File Path="$PSRCDIR/sources_1/new/RSC_test.sv">
      <FileInfo>
        <Attr Name="AutoDisabled" Val="1"/>
        <Attr Name="UsedIn" Val="synthesis"/>
        <Attr Name="UsedIn" Val="implementation"/>
        <Attr Name="UsedIn" Val="simulation"/>
      </FileInfo>
    </File>
    <Config>
      <Option Name="DesignMode" Val="RTL"/>
      <Option Name="TopModule" Val="bin_to_segg"/>
    </Config>
  </FileSet>
  <FileSet Name="constrs_in" Type="Constrs" RelSrcDir="$PSRCDIR/constrs_1">
    <Filter Type="Constrs"/>
    <File Path="$PSRCDIR/constrs_1/new/Basys3_Master.xdc">
      <FileInfo>
        <Attr Name="UsedIn" Val="synthesis"/>
        <Attr Name="UsedIn" Val="implementation"/>
      </FileInfo>
    </File>
    <Config>
      <Option Name="ConstrsType" Val="XDC"/>
    </Config>
  </FileSet>
  <FileSet Name="utils" Type="Utils" RelSrcDir="$PSRCDIR/utils_1">
    <Filter Type="Utils"/>
    <File Path="$PSRCDIR/utils_1/imports/synth_1/bin_to_segg.dcp">
      <FileInfo>
        <Attr Name="UsedIn" Val="synthesis"/>
        <Attr Name="UsedIn" Val="implementation"/>
        <Attr Name="UsedInSteps" Val="synth_1"/>
        <Attr Name="AutoDcp" Val="1"/>
      </FileInfo>
    </File>
    <Config>
      <Option Name="TopAutoSet" Val="TRUE"/>
    </Config>
  </FileSet>
  <Strategy Version="1" Minor="2">
    <StratHandle Name="Vivado Implementation Defaults" Flow="Vivado Implementation 2022"/>
    <Step Id="init_design"/>
    <Step Id="opt_design"/>
    <Step Id="power_opt_design"/>
    <Step Id="place_design"/>
    <Step Id="post_place_power_opt_design"/>
    <Step Id="phys_opt_design"/>
    <Step Id="route_design"/>
    <Step Id="post_route_phys_opt_design"/>
    <Step Id="write_bitstream"/>
  </Strategy>
</GenRun>
