<?xml version="1.0" encoding="UTF-8"?>
<GenRun Id="impl_1" LaunchPart="xc7k70tfbv676-1" LaunchTime="1678318275">
  <File Type="ROUTE-PWR" Name="barrel_shifter_power_routed.rpt"/>
  <File Type="PA-TCL" Name="barrel_shifter.tcl"/>
  <File Type="BITSTR-MMI" Name="barrel_shifter.mmi"/>
  <File Type="OPT-METHODOLOGY-DRC" Name="barrel_shifter_methodology_drc_opted.rpt"/>
  <File Type="INIT-TIMING" Name="barrel_shifter_timing_summary_init.rpt"/>
  <File Type="ROUTE-PWR-SUM" Name="barrel_shifter_power_summary_routed.pb"/>
  <File Type="REPORTS-TCL" Name="barrel_shifter_reports.tcl"/>
  <File Type="OPT-TIMING" Name="barrel_shifter_timing_summary_opted.rpt"/>
  <File Type="OPT-DCP" Name="barrel_shifter_opt.dcp"/>
  <File Type="OPT-DRC" Name="barrel_shifter_drc_opted.rpt"/>
  <File Type="OPT-HWDEF" Name="barrel_shifter.hwdef"/>
  <File Type="PWROPT-DCP" Name="barrel_shifter_pwropt.dcp"/>
  <File Type="PWROPT-DRC" Name="barrel_shifter_drc_pwropted.rpt"/>
  <File Type="PWROPT-TIMING" Name="barrel_shifter_timing_summary_pwropted.rpt"/>
  <File Type="PLACE-DCP" Name="barrel_shifter_placed.dcp"/>
  <File Type="PLACE-IO" Name="barrel_shifter_io_placed.rpt"/>
  <File Type="PLACE-CLK" Name="barrel_shifter_clock_utilization_placed.rpt"/>
  <File Type="PLACE-UTIL" Name="barrel_shifter_utilization_placed.rpt"/>
  <File Type="PLACE-UTIL-PB" Name="barrel_shifter_utilization_placed.pb"/>
  <File Type="PLACE-CTRL" Name="barrel_shifter_control_sets_placed.rpt"/>
  <File Type="PLACE-SIMILARITY" Name="barrel_shifter_incremental_reuse_placed.rpt"/>
  <File Type="PLACE-PRE-SIMILARITY" Name="barrel_shifter_incremental_reuse_pre_placed.rpt"/>
  <File Type="BG-BIN" Name="barrel_shifter.bin"/>
  <File Type="PLACE-TIMING" Name="barrel_shifter_timing_summary_placed.rpt"/>
  <File Type="POSTPLACE-PWROPT-DCP" Name="barrel_shifter_postplace_pwropt.dcp"/>
  <File Type="BITSTR-MSK" Name="barrel_shifter.msk"/>
  <File Type="POSTPLACE-PWROPT-TIMING" Name="barrel_shifter_timing_summary_postplace_pwropted.rpt"/>
  <File Type="PHYSOPT-DCP" Name="barrel_shifter_physopt.dcp"/>
  <File Type="PHYSOPT-DRC" Name="barrel_shifter_drc_physopted.rpt"/>
  <File Type="BITSTR-RBT" Name="barrel_shifter.rbt"/>
  <File Type="PHYSOPT-TIMING" Name="barrel_shifter_timing_summary_physopted.rpt"/>
  <File Type="ROUTE-ERROR-DCP" Name="barrel_shifter_routed_error.dcp"/>
  <File Type="ROUTE-DCP" Name="barrel_shifter_routed.dcp"/>
  <File Type="ROUTE-BLACKBOX-DCP" Name="barrel_shifter_routed_bb.dcp"/>
  <File Type="ROUTE-DRC" Name="barrel_shifter_drc_routed.rpt"/>
  <File Type="ROUTE-DRC-PB" Name="barrel_shifter_drc_routed.pb"/>
  <File Type="ROUTE-DRC-RPX" Name="barrel_shifter_drc_routed.rpx"/>
  <File Type="ROUTE-METHODOLOGY-DRC" Name="barrel_shifter_methodology_drc_routed.rpt"/>
  <File Type="ROUTE-METHODOLOGY-DRC-RPX" Name="barrel_shifter_methodology_drc_routed.rpx"/>
  <File Type="ROUTE-METHODOLOGY-DRC-PB" Name="barrel_shifter_methodology_drc_routed.pb"/>
  <File Type="ROUTE-PWR-RPX" Name="barrel_shifter_power_routed.rpx"/>
  <File Type="ROUTE-STATUS" Name="barrel_shifter_route_status.rpt"/>
  <File Type="ROUTE-STATUS-PB" Name="barrel_shifter_route_status.pb"/>
  <File Type="ROUTE-TIMINGSUMMARY" Name="barrel_shifter_timing_summary_routed.rpt"/>
  <File Type="ROUTE-TIMING-PB" Name="barrel_shifter_timing_summary_routed.pb"/>
  <File Type="ROUTE-TIMING-RPX" Name="barrel_shifter_timing_summary_routed.rpx"/>
  <File Type="ROUTE-SIMILARITY" Name="barrel_shifter_incremental_reuse_routed.rpt"/>
  <File Type="ROUTE-CLK" Name="barrel_shifter_clock_utilization_routed.rpt"/>
  <File Type="ROUTE-BUS-SKEW" Name="barrel_shifter_bus_skew_routed.rpt"/>
  <File Type="ROUTE-BUS-SKEW-PB" Name="barrel_shifter_bus_skew_routed.pb"/>
  <File Type="ROUTE-BUS-SKEW-RPX" Name="barrel_shifter_bus_skew_routed.rpx"/>
  <File Type="POSTROUTE-PHYSOPT-DCP" Name="barrel_shifter_postroute_physopt.dcp"/>
  <File Type="POSTROUTE-PHYSOPT-BLACKBOX-DCP" Name="barrel_shifter_postroute_physopt_bb.dcp"/>
  <File Type="POSTROUTE-PHYSOPT-TIMING" Name="barrel_shifter_timing_summary_postroute_physopted.rpt"/>
  <File Type="POSTROUTE-PHYSOPT-TIMING-PB" Name="barrel_shifter_timing_summary_postroute_physopted.pb"/>
  <File Type="POSTROUTE-PHYSOPT-TIMING-RPX" Name="barrel_shifter_timing_summary_postroute_physopted.rpx"/>
  <File Type="POSTROUTE-PHYSOPT-BUS-SKEW" Name="barrel_shifter_bus_skew_postroute_physopted.rpt"/>
  <File Type="BG-BIT" Name="barrel_shifter.bit"/>
  <File Type="POSTROUTE-PHYSOPT-BUS-SKEW-PB" Name="barrel_shifter_bus_skew_postroute_physopted.pb"/>
  <File Type="POSTROUTE-PHYSOPT-BUS-SKEW-RPX" Name="barrel_shifter_bus_skew_postroute_physopted.rpx"/>
  <File Type="BITSTR-NKY" Name="barrel_shifter.nky"/>
  <File Type="BITSTR-BMM" Name="barrel_shifter_bd.bmm"/>
  <File Type="PDI-FILE" Name="barrel_shifter.pdi"/>
  <File Type="RCFI_FILE" Name="barrel_shifter.rcfi"/>
  <File Type="CFI_FILE" Name="barrel_shifter.cfi"/>
  <File Type="RNPI_FILE" Name="barrel_shifter.rnpi"/>
  <File Type="NPI_FILE" Name="barrel_shifter.npi"/>
  <File Type="RBD_FILE" Name="barrel_shifter.rbd"/>
  <File Type="BITSTR-LTX" Name="debug_nets.ltx"/>
  <File Type="BITSTR-LTX" Name="barrel_shifter.ltx"/>
  <File Type="BITSTR-SYSDEF" Name="barrel_shifter.sysdef"/>
  <File Type="BG-BGN" Name="barrel_shifter.bgn"/>
  <File Type="BG-DRC" Name="barrel_shifter.drc"/>
  <File Type="RDI-RDI" Name="barrel_shifter.vdi"/>
  <File Type="WBT-USG" Name="usage_statistics_webtalk.html"/>
  <File Type="ROUTE-RQS" Name="barrel_shifter_routed.rqs"/>
  <File Type="POSTROUTE-PHYSOPT-RQS" Name="barrel_shifter_postroute_physopted.rqs"/>
  <File Type="ROUTE-RQS-RPT" Name="route_report_qor_suggestions_0.rpt"/>
  <File Type="POSTROUTE-PHYSOPT-RQS-RPT" Name="postroute_physopt_report_qor_suggestions_0.rpt"/>
  <FileSet Name="sources" Type="DesignSrcs" RelSrcDir="$PSRCDIR/sources_1" RelGenDir="$PGENDIR/sources_1">
    <Filter Type="Srcs"/>
    <File Path="$PSRCDIR/sources_1/new/barrel_shifter.sv">
      <FileInfo>
        <Attr Name="UsedIn" Val="synthesis"/>
        <Attr Name="UsedIn" Val="implementation"/>
        <Attr Name="UsedIn" Val="simulation"/>
      </FileInfo>
    </File>
    <Config>
      <Option Name="DesignMode" Val="RTL"/>
      <Option Name="TopModule" Val="barrel_shifter"/>
      <Option Name="TopAutoSet" Val="TRUE"/>
    </Config>
  </FileSet>
  <FileSet Name="constrs_in" Type="Constrs" RelSrcDir="$PSRCDIR/constrs_1">
    <Filter Type="Constrs"/>
    <Config>
      <Option Name="ConstrsType" Val="XDC"/>
    </Config>
  </FileSet>
  <FileSet Name="utils" Type="Utils" RelSrcDir="$PSRCDIR/utils_1">
    <Filter Type="Utils"/>
    <File Path="$PSRCDIR/utils_1/imports/synth_1/barrel_shifter.dcp">
      <FileInfo>
        <Attr Name="UsedIn" Val="synthesis"/>
        <Attr Name="UsedIn" Val="implementation"/>
        <Attr Name="UsedInSteps" Val="synth_1"/>
        <Attr Name="AutoDcp" Val="1"/>
      </FileInfo>
    </File>
    <Config>
      <Option Name="TopAutoSet" Val="TRUE"/>
    </Config>
  </FileSet>
  <Strategy Version="1" Minor="2">
    <StratHandle Name="Vivado Implementation Defaults" Flow="Vivado Implementation 2022"/>
    <Step Id="init_design"/>
    <Step Id="opt_design"/>
    <Step Id="power_opt_design"/>
    <Step Id="place_design"/>
    <Step Id="post_place_power_opt_design"/>
    <Step Id="phys_opt_design"/>
    <Step Id="route_design"/>
    <Step Id="post_route_phys_opt_design"/>
    <Step Id="write_bitstream"/>
  </Strategy>
</GenRun>
