<?xml version="1.0" encoding="UTF-8"?>
<GenRun Id="synth_1" LaunchPart="xc7k70tfbv676-1" LaunchTime="1677705733" LaunchIncrCheckpoint="$PSRCDIR/utils_1/imports/synth_1/bitgt.dcp">
  <File Type="PA-TCL" Name="bitgt.tcl"/>
  <File Type="RDS-PROPCONSTRS" Name="bitgt_drc_synth.rpt"/>
  <File Type="REPORTS-TCL" Name="bitgt_reports.tcl"/>
  <File Type="RDS-RDS" Name="bitgt.vds"/>
  <File Type="RDS-UTIL" Name="bitgt_utilization_synth.rpt"/>
  <File Type="RDS-UTIL-PB" Name="bitgt_utilization_synth.pb"/>
  <File Type="RDS-DCP" Name="bitgt.dcp"/>
  <File Type="VDS-TIMINGSUMMARY" Name="bitgt_timing_summary_synth.rpt"/>
  <File Type="VDS-TIMING-PB" Name="bitgt_timing_summary_synth.pb"/>
  <FileSet Name="sources" Type="DesignSrcs" RelSrcDir="$PSRCDIR/sources_1" RelGenDir="$PGENDIR/sources_1">
    <Filter Type="Srcs"/>
    <File Path="$PSRCDIR/sources_1/new/4bitgt.sv">
      <FileInfo>
        <Attr Name="UsedIn" Val="synthesis"/>
        <Attr Name="UsedIn" Val="implementation"/>
        <Attr Name="UsedIn" Val="simulation"/>
      </FileInfo>
    </File>
    <Config>
      <Option Name="DesignMode" Val="RTL"/>
      <Option Name="TopModule" Val="bitgt"/>
      <Option Name="TopAutoSet" Val="TRUE"/>
    </Config>
  </FileSet>
  <FileSet Name="constrs_in" Type="Constrs" RelSrcDir="$PSRCDIR/constrs_1">
    <Filter Type="Constrs"/>
    <Config>
      <Option Name="ConstrsType" Val="XDC"/>
    </Config>
  </FileSet>
  <FileSet Name="utils" Type="Utils" RelSrcDir="$PSRCDIR/utils_1">
    <Filter Type="Utils"/>
    <File Path="$PSRCDIR/utils_1/imports/synth_1/bitgt.dcp">
      <FileInfo>
        <Attr Name="UsedIn" Val="synthesis"/>
        <Attr Name="UsedIn" Val="implementation"/>
        <Attr Name="UsedInSteps" Val="synth_1"/>
        <Attr Name="AutoDcp" Val="1"/>
      </FileInfo>
    </File>
    <Config>
      <Option Name="TopAutoSet" Val="TRUE"/>
    </Config>
  </FileSet>
  <Strategy Version="1" Minor="2">
    <StratHandle Name="Vivado Synthesis Defaults" Flow="Vivado Synthesis 2022"/>
    <Step Id="synth_design"/>
  </Strategy>
</GenRun>
