<?xml version="1.0" encoding="UTF-8"?>
<GenRun Id="impl_1" LaunchPart="xc7k70tfbv676-1" LaunchTime="1677705813">
  <File Type="ROUTE-PWR" Name="bitgt_power_routed.rpt"/>
  <File Type="PA-TCL" Name="bitgt.tcl"/>
  <File Type="BITSTR-MMI" Name="bitgt.mmi"/>
  <File Type="OPT-METHODOLOGY-DRC" Name="bitgt_methodology_drc_opted.rpt"/>
  <File Type="INIT-TIMING" Name="bitgt_timing_summary_init.rpt"/>
  <File Type="ROUTE-PWR-SUM" Name="bitgt_power_summary_routed.pb"/>
  <File Type="REPORTS-TCL" Name="bitgt_reports.tcl"/>
  <File Type="OPT-TIMING" Name="bitgt_timing_summary_opted.rpt"/>
  <File Type="OPT-DCP" Name="bitgt_opt.dcp"/>
  <File Type="OPT-DRC" Name="bitgt_drc_opted.rpt"/>
  <File Type="OPT-HWDEF" Name="bitgt.hwdef"/>
  <File Type="PWROPT-DCP" Name="bitgt_pwropt.dcp"/>
  <File Type="PWROPT-DRC" Name="bitgt_drc_pwropted.rpt"/>
  <File Type="PWROPT-TIMING" Name="bitgt_timing_summary_pwropted.rpt"/>
  <File Type="PLACE-DCP" Name="bitgt_placed.dcp"/>
  <File Type="PLACE-IO" Name="bitgt_io_placed.rpt"/>
  <File Type="PLACE-CLK" Name="bitgt_clock_utilization_placed.rpt"/>
  <File Type="PLACE-UTIL" Name="bitgt_utilization_placed.rpt"/>
  <File Type="PLACE-UTIL-PB" Name="bitgt_utilization_placed.pb"/>
  <File Type="PLACE-CTRL" Name="bitgt_control_sets_placed.rpt"/>
  <File Type="PLACE-SIMILARITY" Name="bitgt_incremental_reuse_placed.rpt"/>
  <File Type="PLACE-PRE-SIMILARITY" Name="bitgt_incremental_reuse_pre_placed.rpt"/>
  <File Type="BG-BIN" Name="bitgt.bin"/>
  <File Type="PLACE-TIMING" Name="bitgt_timing_summary_placed.rpt"/>
  <File Type="POSTPLACE-PWROPT-DCP" Name="bitgt_postplace_pwropt.dcp"/>
  <File Type="BITSTR-MSK" Name="bitgt.msk"/>
  <File Type="POSTPLACE-PWROPT-TIMING" Name="bitgt_timing_summary_postplace_pwropted.rpt"/>
  <File Type="PHYSOPT-DCP" Name="bitgt_physopt.dcp"/>
  <File Type="PHYSOPT-DRC" Name="bitgt_drc_physopted.rpt"/>
  <File Type="BITSTR-RBT" Name="bitgt.rbt"/>
  <File Type="PHYSOPT-TIMING" Name="bitgt_timing_summary_physopted.rpt"/>
  <File Type="ROUTE-ERROR-DCP" Name="bitgt_routed_error.dcp"/>
  <File Type="ROUTE-DCP" Name="bitgt_routed.dcp"/>
  <File Type="ROUTE-BLACKBOX-DCP" Name="bitgt_routed_bb.dcp"/>
  <File Type="ROUTE-DRC" Name="bitgt_drc_routed.rpt"/>
  <File Type="ROUTE-DRC-PB" Name="bitgt_drc_routed.pb"/>
  <File Type="ROUTE-DRC-RPX" Name="bitgt_drc_routed.rpx"/>
  <File Type="ROUTE-METHODOLOGY-DRC" Name="bitgt_methodology_drc_routed.rpt"/>
  <File Type="ROUTE-METHODOLOGY-DRC-RPX" Name="bitgt_methodology_drc_routed.rpx"/>
  <File Type="ROUTE-METHODOLOGY-DRC-PB" Name="bitgt_methodology_drc_routed.pb"/>
  <File Type="ROUTE-PWR-RPX" Name="bitgt_power_routed.rpx"/>
  <File Type="ROUTE-STATUS" Name="bitgt_route_status.rpt"/>
  <File Type="ROUTE-STATUS-PB" Name="bitgt_route_status.pb"/>
  <File Type="ROUTE-TIMINGSUMMARY" Name="bitgt_timing_summary_routed.rpt"/>
  <File Type="ROUTE-TIMING-PB" Name="bitgt_timing_summary_routed.pb"/>
  <File Type="ROUTE-TIMING-RPX" Name="bitgt_timing_summary_routed.rpx"/>
  <File Type="ROUTE-SIMILARITY" Name="bitgt_incremental_reuse_routed.rpt"/>
  <File Type="ROUTE-CLK" Name="bitgt_clock_utilization_routed.rpt"/>
  <File Type="ROUTE-BUS-SKEW" Name="bitgt_bus_skew_routed.rpt"/>
  <File Type="ROUTE-BUS-SKEW-PB" Name="bitgt_bus_skew_routed.pb"/>
  <File Type="ROUTE-BUS-SKEW-RPX" Name="bitgt_bus_skew_routed.rpx"/>
  <File Type="POSTROUTE-PHYSOPT-DCP" Name="bitgt_postroute_physopt.dcp"/>
  <File Type="POSTROUTE-PHYSOPT-BLACKBOX-DCP" Name="bitgt_postroute_physopt_bb.dcp"/>
  <File Type="POSTROUTE-PHYSOPT-TIMING" Name="bitgt_timing_summary_postroute_physopted.rpt"/>
  <File Type="POSTROUTE-PHYSOPT-TIMING-PB" Name="bitgt_timing_summary_postroute_physopted.pb"/>
  <File Type="POSTROUTE-PHYSOPT-TIMING-RPX" Name="bitgt_timing_summary_postroute_physopted.rpx"/>
  <File Type="POSTROUTE-PHYSOPT-BUS-SKEW" Name="bitgt_bus_skew_postroute_physopted.rpt"/>
  <File Type="BG-BIT" Name="bitgt.bit"/>
  <File Type="POSTROUTE-PHYSOPT-BUS-SKEW-PB" Name="bitgt_bus_skew_postroute_physopted.pb"/>
  <File Type="POSTROUTE-PHYSOPT-BUS-SKEW-RPX" Name="bitgt_bus_skew_postroute_physopted.rpx"/>
  <File Type="BITSTR-NKY" Name="bitgt.nky"/>
  <File Type="BITSTR-BMM" Name="bitgt_bd.bmm"/>
  <File Type="PDI-FILE" Name="bitgt.pdi"/>
  <File Type="RCFI_FILE" Name="bitgt.rcfi"/>
  <File Type="CFI_FILE" Name="bitgt.cfi"/>
  <File Type="RNPI_FILE" Name="bitgt.rnpi"/>
  <File Type="NPI_FILE" Name="bitgt.npi"/>
  <File Type="RBD_FILE" Name="bitgt.rbd"/>
  <File Type="BITSTR-LTX" Name="debug_nets.ltx"/>
  <File Type="BITSTR-LTX" Name="bitgt.ltx"/>
  <File Type="BITSTR-SYSDEF" Name="bitgt.sysdef"/>
  <File Type="BG-BGN" Name="bitgt.bgn"/>
  <File Type="BG-DRC" Name="bitgt.drc"/>
  <File Type="RDI-RDI" Name="bitgt.vdi"/>
  <File Type="WBT-USG" Name="usage_statistics_webtalk.html"/>
  <File Type="ROUTE-RQS" Name="bitgt_routed.rqs"/>
  <File Type="POSTROUTE-PHYSOPT-RQS" Name="bitgt_postroute_physopted.rqs"/>
  <File Type="ROUTE-RQS-RPT" Name="route_report_qor_suggestions_0.rpt"/>
  <File Type="POSTROUTE-PHYSOPT-RQS-RPT" Name="postroute_physopt_report_qor_suggestions_0.rpt"/>
  <FileSet Name="sources" Type="DesignSrcs" RelSrcDir="$PSRCDIR/sources_1" RelGenDir="$PGENDIR/sources_1">
    <Filter Type="Srcs"/>
    <File Path="$PSRCDIR/sources_1/new/4bitgt.sv">
      <FileInfo>
        <Attr Name="UsedIn" Val="synthesis"/>
        <Attr Name="UsedIn" Val="implementation"/>
        <Attr Name="UsedIn" Val="simulation"/>
      </FileInfo>
    </File>
    <Config>
      <Option Name="DesignMode" Val="RTL"/>
      <Option Name="TopModule" Val="bitgt"/>
      <Option Name="TopAutoSet" Val="TRUE"/>
    </Config>
  </FileSet>
  <FileSet Name="constrs_in" Type="Constrs" RelSrcDir="$PSRCDIR/constrs_1">
    <Filter Type="Constrs"/>
    <Config>
      <Option Name="ConstrsType" Val="XDC"/>
    </Config>
  </FileSet>
  <FileSet Name="utils" Type="Utils" RelSrcDir="$PSRCDIR/utils_1">
    <Filter Type="Utils"/>
    <File Path="$PSRCDIR/utils_1/imports/synth_1/bitgt.dcp">
      <FileInfo>
        <Attr Name="UsedIn" Val="synthesis"/>
        <Attr Name="UsedIn" Val="implementation"/>
        <Attr Name="UsedInSteps" Val="synth_1"/>
        <Attr Name="AutoDcp" Val="1"/>
      </FileInfo>
    </File>
    <Config>
      <Option Name="TopAutoSet" Val="TRUE"/>
    </Config>
  </FileSet>
  <Strategy Version="1" Minor="2">
    <StratHandle Name="Vivado Implementation Defaults" Flow="Vivado Implementation 2022"/>
    <Step Id="init_design"/>
    <Step Id="opt_design"/>
    <Step Id="power_opt_design"/>
    <Step Id="place_design"/>
    <Step Id="post_place_power_opt_design"/>
    <Step Id="phys_opt_design"/>
    <Step Id="route_design"/>
    <Step Id="post_route_phys_opt_design"/>
    <Step Id="write_bitstream"/>
  </Strategy>
</GenRun>
