<?xml version="1.0" encoding="UTF-8"?>
<GenRun Id="impl_1" LaunchPart="xc7a35tcpg236-1" LaunchTime="1676503431">
  <File Type="ROUTE-PWR" Name="Full_Adder_power_routed.rpt"/>
  <File Type="PA-TCL" Name="Full_Adder.tcl"/>
  <File Type="BITSTR-MMI" Name="Full_Adder.mmi"/>
  <File Type="OPT-METHODOLOGY-DRC" Name="Full_Adder_methodology_drc_opted.rpt"/>
  <File Type="INIT-TIMING" Name="Full_Adder_timing_summary_init.rpt"/>
  <File Type="ROUTE-PWR-SUM" Name="Full_Adder_power_summary_routed.pb"/>
  <File Type="REPORTS-TCL" Name="Full_Adder_reports.tcl"/>
  <File Type="OPT-TIMING" Name="Full_Adder_timing_summary_opted.rpt"/>
  <File Type="OPT-DCP" Name="Full_Adder_opt.dcp"/>
  <File Type="OPT-DRC" Name="Full_Adder_drc_opted.rpt"/>
  <File Type="OPT-HWDEF" Name="Full_Adder.hwdef"/>
  <File Type="PWROPT-DCP" Name="Full_Adder_pwropt.dcp"/>
  <File Type="PWROPT-DRC" Name="Full_Adder_drc_pwropted.rpt"/>
  <File Type="PWROPT-TIMING" Name="Full_Adder_timing_summary_pwropted.rpt"/>
  <File Type="PLACE-DCP" Name="Full_Adder_placed.dcp"/>
  <File Type="PLACE-IO" Name="Full_Adder_io_placed.rpt"/>
  <File Type="PLACE-CLK" Name="Full_Adder_clock_utilization_placed.rpt"/>
  <File Type="PLACE-UTIL" Name="Full_Adder_utilization_placed.rpt"/>
  <File Type="PLACE-UTIL-PB" Name="Full_Adder_utilization_placed.pb"/>
  <File Type="PLACE-CTRL" Name="Full_Adder_control_sets_placed.rpt"/>
  <File Type="PLACE-SIMILARITY" Name="Full_Adder_incremental_reuse_placed.rpt"/>
  <File Type="PLACE-PRE-SIMILARITY" Name="Full_Adder_incremental_reuse_pre_placed.rpt"/>
  <File Type="BG-BIN" Name="Full_Adder.bin"/>
  <File Type="PLACE-TIMING" Name="Full_Adder_timing_summary_placed.rpt"/>
  <File Type="POSTPLACE-PWROPT-DCP" Name="Full_Adder_postplace_pwropt.dcp"/>
  <File Type="BITSTR-MSK" Name="Full_Adder.msk"/>
  <File Type="POSTPLACE-PWROPT-TIMING" Name="Full_Adder_timing_summary_postplace_pwropted.rpt"/>
  <File Type="PHYSOPT-DCP" Name="Full_Adder_physopt.dcp"/>
  <File Type="PHYSOPT-DRC" Name="Full_Adder_drc_physopted.rpt"/>
  <File Type="BITSTR-RBT" Name="Full_Adder.rbt"/>
  <File Type="PHYSOPT-TIMING" Name="Full_Adder_timing_summary_physopted.rpt"/>
  <File Type="ROUTE-ERROR-DCP" Name="Full_Adder_routed_error.dcp"/>
  <File Type="ROUTE-DCP" Name="Full_Adder_routed.dcp"/>
  <File Type="ROUTE-BLACKBOX-DCP" Name="Full_Adder_routed_bb.dcp"/>
  <File Type="ROUTE-DRC" Name="Full_Adder_drc_routed.rpt"/>
  <File Type="ROUTE-DRC-PB" Name="Full_Adder_drc_routed.pb"/>
  <File Type="ROUTE-DRC-RPX" Name="Full_Adder_drc_routed.rpx"/>
  <File Type="ROUTE-METHODOLOGY-DRC" Name="Full_Adder_methodology_drc_routed.rpt"/>
  <File Type="ROUTE-METHODOLOGY-DRC-RPX" Name="Full_Adder_methodology_drc_routed.rpx"/>
  <File Type="ROUTE-METHODOLOGY-DRC-PB" Name="Full_Adder_methodology_drc_routed.pb"/>
  <File Type="ROUTE-PWR-RPX" Name="Full_Adder_power_routed.rpx"/>
  <File Type="ROUTE-STATUS" Name="Full_Adder_route_status.rpt"/>
  <File Type="ROUTE-STATUS-PB" Name="Full_Adder_route_status.pb"/>
  <File Type="ROUTE-TIMINGSUMMARY" Name="Full_Adder_timing_summary_routed.rpt"/>
  <File Type="ROUTE-TIMING-PB" Name="Full_Adder_timing_summary_routed.pb"/>
  <File Type="ROUTE-TIMING-RPX" Name="Full_Adder_timing_summary_routed.rpx"/>
  <File Type="ROUTE-SIMILARITY" Name="Full_Adder_incremental_reuse_routed.rpt"/>
  <File Type="ROUTE-CLK" Name="Full_Adder_clock_utilization_routed.rpt"/>
  <File Type="ROUTE-BUS-SKEW" Name="Full_Adder_bus_skew_routed.rpt"/>
  <File Type="ROUTE-BUS-SKEW-PB" Name="Full_Adder_bus_skew_routed.pb"/>
  <File Type="ROUTE-BUS-SKEW-RPX" Name="Full_Adder_bus_skew_routed.rpx"/>
  <File Type="POSTROUTE-PHYSOPT-DCP" Name="Full_Adder_postroute_physopt.dcp"/>
  <File Type="POSTROUTE-PHYSOPT-BLACKBOX-DCP" Name="Full_Adder_postroute_physopt_bb.dcp"/>
  <File Type="POSTROUTE-PHYSOPT-TIMING" Name="Full_Adder_timing_summary_postroute_physopted.rpt"/>
  <File Type="POSTROUTE-PHYSOPT-TIMING-PB" Name="Full_Adder_timing_summary_postroute_physopted.pb"/>
  <File Type="POSTROUTE-PHYSOPT-TIMING-RPX" Name="Full_Adder_timing_summary_postroute_physopted.rpx"/>
  <File Type="POSTROUTE-PHYSOPT-BUS-SKEW" Name="Full_Adder_bus_skew_postroute_physopted.rpt"/>
  <File Type="BG-BIT" Name="Full_Adder.bit"/>
  <File Type="POSTROUTE-PHYSOPT-BUS-SKEW-PB" Name="Full_Adder_bus_skew_postroute_physopted.pb"/>
  <File Type="POSTROUTE-PHYSOPT-BUS-SKEW-RPX" Name="Full_Adder_bus_skew_postroute_physopted.rpx"/>
  <File Type="BITSTR-NKY" Name="Full_Adder.nky"/>
  <File Type="BITSTR-BMM" Name="Full_Adder_bd.bmm"/>
  <File Type="PDI-FILE" Name="Full_Adder.pdi"/>
  <File Type="RCFI_FILE" Name="Full_Adder.rcfi"/>
  <File Type="CFI_FILE" Name="Full_Adder.cfi"/>
  <File Type="RNPI_FILE" Name="Full_Adder.rnpi"/>
  <File Type="NPI_FILE" Name="Full_Adder.npi"/>
  <File Type="RBD_FILE" Name="Full_Adder.rbd"/>
  <File Type="BITSTR-LTX" Name="debug_nets.ltx"/>
  <File Type="BITSTR-LTX" Name="Full_Adder.ltx"/>
  <File Type="BITSTR-SYSDEF" Name="Full_Adder.sysdef"/>
  <File Type="BG-BGN" Name="Full_Adder.bgn"/>
  <File Type="BG-DRC" Name="Full_Adder.drc"/>
  <File Type="RDI-RDI" Name="Full_Adder.vdi"/>
  <File Type="WBT-USG" Name="usage_statistics_webtalk.html"/>
  <File Type="ROUTE-RQS" Name="Full_Adder_routed.rqs"/>
  <File Type="POSTROUTE-PHYSOPT-RQS" Name="Full_Adder_postroute_physopted.rqs"/>
  <File Type="ROUTE-RQS-RPT" Name="route_report_qor_suggestions_0.rpt"/>
  <File Type="POSTROUTE-PHYSOPT-RQS-RPT" Name="postroute_physopt_report_qor_suggestions_0.rpt"/>
  <FileSet Name="sources" Type="DesignSrcs" RelSrcDir="$PSRCDIR/sources_1" RelGenDir="$PGENDIR/sources_1">
    <Filter Type="Srcs"/>
    <File Path="$PSRCDIR/sources_1/new/Full_Adder.sv">
      <FileInfo>
        <Attr Name="UsedIn" Val="synthesis"/>
        <Attr Name="UsedIn" Val="implementation"/>
        <Attr Name="UsedIn" Val="simulation"/>
      </FileInfo>
    </File>
    <Config>
      <Option Name="DesignMode" Val="RTL"/>
      <Option Name="TopModule" Val="Full_Adder"/>
      <Option Name="TopAutoSet" Val="TRUE"/>
    </Config>
  </FileSet>
  <FileSet Name="constrs_in" Type="Constrs" RelSrcDir="$PSRCDIR/constrs_1">
    <Filter Type="Constrs"/>
    <Config>
      <Option Name="ConstrsType" Val="XDC"/>
    </Config>
  </FileSet>
  <FileSet Name="utils" Type="Utils" RelSrcDir="$PSRCDIR/utils_1">
    <Filter Type="Utils"/>
    <File Path="$PSRCDIR/utils_1/imports/synth_1/full_add.dcp">
      <FileInfo>
        <Attr Name="UsedIn" Val="synthesis"/>
        <Attr Name="UsedIn" Val="implementation"/>
        <Attr Name="UsedInSteps" Val="synth_1"/>
        <Attr Name="AutoDcp" Val="1"/>
      </FileInfo>
    </File>
    <Config>
      <Option Name="TopAutoSet" Val="TRUE"/>
    </Config>
  </FileSet>
  <Strategy Version="1" Minor="2">
    <StratHandle Name="Vivado Implementation Defaults" Flow="Vivado Implementation 2022"/>
    <Step Id="init_design"/>
    <Step Id="opt_design"/>
    <Step Id="power_opt_design"/>
    <Step Id="place_design"/>
    <Step Id="post_place_power_opt_design"/>
    <Step Id="phys_opt_design"/>
    <Step Id="route_design"/>
    <Step Id="post_route_phys_opt_design"/>
    <Step Id="write_bitstream"/>
  </Strategy>
</GenRun>
